{
  "task_name": "click_bell",
  "task_config": "demo_randomized",
  "strategy": "feature_std",
  "primary_metric": "feature_std",
  "selected_episode_ids": [
    0,
    4,
    23,
    28,
    35,
    44,
    45,
    51,
    57,
    60,
    63,
    69,
    73,
    84,
    87,
    91,
    92,
    93,
    99,
    100,
    101,
    110,
    115,
    116,
    117,
    126,
    129,
    132,
    142,
    144,
    145,
    150,
    151,
    157,
    160,
    163,
    177,
    178,
    180,
    181,
    192,
    194,
    195,
    197,
    201,
    202,
    205,
    210,
    222,
    224,
    231,
    237,
    244,
    257,
    259,
    260,
    261,
    264,
    269,
    274,
    276,
    286,
    287,
    288,
    296,
    299,
    303,
    314,
    332,
    336,
    340,
    343,
    347,
    349,
    356,
    358,
    360,
    364,
    365,
    379,
    381,
    394,
    400,
    403,
    405,
    411,
    425,
    426,
    438,
    452,
    455,
    461,
    464,
    467,
    477,
    483,
    484,
    485,
    487,
    496
  ],
  "selected_metrics": {
    "cosine_distance": 0.5250899195671082,
    "l2_distance": 45.44253158569336,
    "variance_score": 2.7328929901123047,
    "feature_mean": 0.005578669719398022,
    "feature_std": 2.279278039932251,
    "feature_var": 5.195108890533447
  },
  "full_metrics": {
    "cosine_distance": 0.5349623560905457,
    "l2_distance": 45.873878479003906,
    "variance_score": 2.7787954807281494,
    "feature_mean": 0.003692679340019822,
    "feature_std": 2.276582956314087,
    "feature_var": 5.182830333709717
  }
}