{
  "task_name": "click_bell",
  "task_config": "demo_randomized",
  "strategy": "feature_var",
  "primary_metric": "feature_var",
  "selected_episode_ids": [
    2,
    4,
    13,
    15,
    20,
    21,
    28,
    29,
    34,
    35,
    38,
    44,
    49,
    54,
    58,
    65,
    71,
    75,
    79,
    81,
    82,
    85,
    88,
    100,
    106,
    109,
    112,
    115,
    118,
    120,
    123,
    124,
    134,
    135,
    153,
    157,
    158,
    166,
    172,
    173,
    175,
    178,
    181,
    182,
    183,
    191,
    196,
    200,
    205,
    208,
    210,
    213,
    214,
    232,
    237,
    238,
    245,
    248,
    261,
    264,
    266,
    272,
    279,
    281,
    285,
    294,
    298,
    301,
    320,
    324,
    340,
    342,
    352,
    353,
    359,
    364,
    387,
    390,
    395,
    401,
    404,
    408,
    420,
    424,
    426,
    430,
    434,
    436,
    438,
    439,
    440,
    448,
    469,
    471,
    475,
    476,
    477,
    482,
    486,
    498
  ],
  "selected_metrics": {
    "cosine_distance": 0.5048273205757141,
    "l2_distance": 44.01115798950195,
    "variance_score": 2.5641157627105713,
    "feature_mean": 0.006902763154357672,
    "feature_std": 2.2526371479034424,
    "feature_var": 5.074373722076416
  },
  "full_metrics": {
    "cosine_distance": 0.5349623560905457,
    "l2_distance": 45.873878479003906,
    "variance_score": 2.7787954807281494,
    "feature_mean": 0.003692679340019822,
    "feature_std": 2.276582956314087,
    "feature_var": 5.182830333709717
  }
}