{
  "task_name": "click_bell",
  "task_config": "demo_randomized",
  "strategy": "feature_var",
  "primary_metric": "feature_var",
  "selected_episode_ids": [
    1,
    10,
    24,
    25,
    30,
    47,
    50,
    52,
    56,
    61,
    63,
    64,
    69,
    78,
    80,
    83,
    86,
    87,
    94,
    95,
    96,
    98,
    101,
    102,
    103,
    104,
    117,
    126,
    133,
    136,
    139,
    143,
    146,
    148,
    150,
    156,
    164,
    165,
    167,
    176,
    187,
    195,
    198,
    199,
    206,
    222,
    223,
    230,
    231,
    233,
    239,
    247,
    250,
    254,
    257,
    258,
    263,
    268,
    269,
    277,
    278,
    286,
    289,
    300,
    305,
    316,
    326,
    332,
    333,
    345,
    350,
    351,
    360,
    376,
    385,
    393,
    397,
    400,
    407,
    410,
    411,
    412,
    416,
    418,
    419,
    422,
    423,
    432,
    443,
    444,
    462,
    466,
    468,
    473,
    479,
    481,
    485,
    488,
    491,
    495
  ],
  "selected_metrics": {
    "cosine_distance": 0.5002989172935486,
    "l2_distance": 43.0340690612793,
    "variance_score": 2.4454610347747803,
    "feature_mean": 0.0067510525695979595,
    "feature_std": 2.2096290588378906,
    "feature_var": 4.882460117340088
  },
  "full_metrics": {
    "cosine_distance": 0.5349623560905457,
    "l2_distance": 45.873878479003906,
    "variance_score": 2.7787954807281494,
    "feature_mean": 0.003692679340019822,
    "feature_std": 2.276582956314087,
    "feature_var": 5.182830333709717
  }
}