{
  "task_name": "click_bell",
  "task_config": "demo_randomized",
  "strategy": "feature_var",
  "primary_metric": "feature_var",
  "selected_episode_ids": [
    0,
    6,
    8,
    14,
    16,
    22,
    23,
    32,
    36,
    39,
    40,
    43,
    46,
    51,
    53,
    59,
    62,
    68,
    72,
    73,
    93,
    113,
    114,
    122,
    129,
    131,
    132,
    141,
    142,
    144,
    149,
    152,
    170,
    174,
    177,
    179,
    184,
    190,
    194,
    202,
    204,
    207,
    211,
    225,
    226,
    227,
    240,
    242,
    246,
    255,
    260,
    267,
    271,
    274,
    275,
    276,
    280,
    287,
    288,
    290,
    293,
    299,
    304,
    309,
    311,
    312,
    317,
    319,
    322,
    323,
    341,
    349,
    356,
    362,
    370,
    371,
    375,
    378,
    379,
    381,
    384,
    391,
    392,
    409,
    413,
    414,
    417,
    421,
    425,
    428,
    446,
    455,
    459,
    463,
    474,
    483,
    484,
    487,
    493,
    496
  ],
  "selected_metrics": {
    "cosine_distance": 0.5318549275398254,
    "l2_distance": 46.099700927734375,
    "variance_score": 2.8154070377349854,
    "feature_mean": 0.0014286142541095614,
    "feature_std": 2.2997920513153076,
    "feature_var": 5.28904390335083
  },
  "full_metrics": {
    "cosine_distance": 0.5349623560905457,
    "l2_distance": 45.873878479003906,
    "variance_score": 2.7787954807281494,
    "feature_mean": 0.003692679340019822,
    "feature_std": 2.276582956314087,
    "feature_var": 5.182830333709717
  }
}