{
  "task_name": "click_bell",
  "task_config": "demo_randomized",
  "strategy": "feature_var",
  "primary_metric": "feature_var",
  "selected_episode_ids": [
    3,
    5,
    7,
    9,
    11,
    17,
    18,
    19,
    26,
    27,
    31,
    33,
    41,
    42,
    45,
    66,
    74,
    76,
    84,
    89,
    90,
    97,
    99,
    107,
    110,
    111,
    119,
    121,
    138,
    140,
    162,
    180,
    188,
    197,
    203,
    209,
    212,
    215,
    217,
    219,
    221,
    224,
    229,
    241,
    243,
    244,
    251,
    252,
    265,
    270,
    282,
    283,
    284,
    291,
    292,
    295,
    296,
    302,
    307,
    308,
    325,
    327,
    330,
    334,
    336,
    337,
    338,
    343,
    346,
    355,
    365,
    367,
    368,
    372,
    373,
    380,
    382,
    389,
    394,
    396,
    402,
    403,
    405,
    415,
    429,
    433,
    435,
    445,
    450,
    451,
    452,
    453,
    454,
    457,
    461,
    467,
    478,
    480,
    494,
    497
  ],
  "selected_metrics": {
    "cosine_distance": 0.5753177404403687,
    "l2_distance": 48.816566467285156,
    "variance_score": 3.15948486328125,
    "feature_mean": -0.0009913855465129018,
    "feature_std": 2.3421900272369385,
    "feature_var": 5.485853672027588
  },
  "full_metrics": {
    "cosine_distance": 0.5349623560905457,
    "l2_distance": 45.873878479003906,
    "variance_score": 2.7787954807281494,
    "feature_mean": 0.003692679340019822,
    "feature_std": 2.276582956314087,
    "feature_var": 5.182830333709717
  }
}