{
  "task_name": "click_bell",
  "task_config": "demo_randomized",
  "strategy": "feature_var",
  "primary_metric": "feature_var",
  "selected_episode_ids": [
    12,
    37,
    48,
    55,
    57,
    60,
    67,
    70,
    77,
    91,
    92,
    105,
    108,
    116,
    125,
    127,
    128,
    130,
    137,
    145,
    147,
    151,
    154,
    155,
    159,
    160,
    161,
    163,
    168,
    169,
    171,
    185,
    186,
    189,
    192,
    193,
    201,
    216,
    218,
    220,
    228,
    234,
    235,
    236,
    249,
    253,
    256,
    259,
    262,
    273,
    297,
    303,
    306,
    310,
    313,
    314,
    315,
    318,
    321,
    328,
    329,
    331,
    335,
    339,
    344,
    347,
    348,
    354,
    357,
    358,
    361,
    363,
    366,
    369,
    374,
    377,
    383,
    386,
    388,
    398,
    399,
    406,
    427,
    431,
    437,
    441,
    442,
    447,
    449,
    456,
    458,
    460,
    464,
    465,
    470,
    472,
    489,
    490,
    492,
    499
  ],
  "selected_metrics": {
    "cosine_distance": 0.523123025894165,
    "l2_distance": 45.254268646240234,
    "variance_score": 2.712172746658325,
    "feature_mean": 0.004404956474900246,
    "feature_std": 2.2759993076324463,
    "feature_var": 5.180172920227051
  },
  "full_metrics": {
    "cosine_distance": 0.5349623560905457,
    "l2_distance": 45.873878479003906,
    "variance_score": 2.7787954807281494,
    "feature_mean": 0.003692679340019822,
    "feature_std": 2.276582956314087,
    "feature_var": 5.182830333709717
  }
}