{
  "task_name": "click_bell",
  "task_config": "demo_randomized",
  "strategy": "random",
  "primary_metric": "cosine_distance",
  "selected_episode_ids": [
    1,
    9,
    12,
    14,
    15,
    22,
    29,
    30,
    32,
    33,
    38,
    39,
    42,
    45,
    46,
    49,
    53,
    61,
    62,
    66,
    69,
    70,
    75,
    81,
    84,
    85,
    86,
    87,
    91,
    93,
    97,
    98,
    105,
    114,
    120,
    134,
    136,
    142,
    143,
    148,
    158,
    162,
    169,
    170,
    177,
    178,
    183,
    184,
    194,
    197,
    213,
    219,
    226,
    234,
    241,
    245,
    263,
    266,
    272,
    278,
    282,
    291,
    295,
    296,
    306,
    317,
    318,
    324,
    335,
    352,
    355,
    358,
    366,
    369,
    374,
    377,
    383,
    385,
    391,
    395,
    399,
    408,
    413,
    425,
    433,
    437,
    444,
    449,
    461,
    462,
    463,
    464,
    472,
    478,
    479,
    484,
    488,
    489,
    496,
    498
  ],
  "selected_metrics": {
    "cosine_distance": 0.5162954330444336,
    "l2_distance": 45.022613525390625,
    "variance_score": 2.6872241497039795,
    "feature_mean": 0.00586978392675519,
    "feature_std": 2.2785580158233643,
    "feature_var": 5.191826343536377
  },
  "full_metrics": {
    "cosine_distance": 0.5349623560905457,
    "l2_distance": 45.873878479003906,
    "variance_score": 2.7787954807281494,
    "feature_mean": 0.003692679340019822,
    "feature_std": 2.276582956314087,
    "feature_var": 5.182830333709717
  }
}