{
  "task_name": "click_bell",
  "task_config": "demo_randomized",
  "strategy": "random",
  "primary_metric": "cosine_distance",
  "selected_episode_ids": [
    9,
    11,
    17,
    19,
    20,
    27,
    29,
    32,
    37,
    39,
    45,
    48,
    51,
    53,
    61,
    66,
    69,
    80,
    82,
    91,
    93,
    107,
    108,
    114,
    115,
    117,
    125,
    131,
    132,
    135,
    140,
    142,
    153,
    154,
    155,
    158,
    159,
    162,
    165,
    175,
    178,
    182,
    186,
    197,
    199,
    201,
    204,
    215,
    220,
    222,
    228,
    231,
    232,
    236,
    237,
    240,
    241,
    244,
    264,
    269,
    278,
    280,
    283,
    285,
    294,
    305,
    306,
    312,
    316,
    319,
    321,
    322,
    323,
    351,
    353,
    359,
    365,
    370,
    371,
    383,
    388,
    404,
    407,
    409,
    414,
    418,
    427,
    436,
    437,
    443,
    446,
    447,
    448,
    476,
    477,
    478,
    483,
    496,
    497,
    499
  ],
  "selected_metrics": {
    "cosine_distance": 0.5375759601593018,
    "l2_distance": 46.00980758666992,
    "variance_score": 2.80200457572937,
    "feature_mean": 0.004600084852427244,
    "feature_std": 2.2807939052581787,
    "feature_var": 5.202021598815918
  },
  "full_metrics": {
    "cosine_distance": 0.5349623560905457,
    "l2_distance": 45.873878479003906,
    "variance_score": 2.7787954807281494,
    "feature_mean": 0.003692679340019822,
    "feature_std": 2.276582956314087,
    "feature_var": 5.182830333709717
  }
}