{
  "task_name": "click_bell",
  "task_config": "demo_randomized",
  "strategy": "random",
  "primary_metric": "cosine_distance",
  "selected_episode_ids": [
    8,
    10,
    32,
    40,
    47,
    48,
    49,
    52,
    55,
    63,
    66,
    68,
    74,
    75,
    77,
    88,
    89,
    95,
    101,
    103,
    108,
    110,
    122,
    140,
    141,
    142,
    147,
    159,
    160,
    162,
    163,
    174,
    175,
    177,
    181,
    182,
    184,
    185,
    199,
    201,
    205,
    208,
    209,
    212,
    217,
    223,
    226,
    227,
    232,
    239,
    244,
    245,
    247,
    252,
    253,
    255,
    257,
    258,
    261,
    271,
    274,
    275,
    276,
    280,
    287,
    288,
    292,
    295,
    305,
    317,
    318,
    320,
    329,
    349,
    350,
    354,
    362,
    367,
    372,
    373,
    380,
    387,
    390,
    401,
    405,
    411,
    413,
    414,
    442,
    444,
    445,
    459,
    461,
    467,
    472,
    474,
    479,
    484,
    489,
    498
  ],
  "selected_metrics": {
    "cosine_distance": 0.5420079231262207,
    "l2_distance": 46.22240447998047,
    "variance_score": 2.830592155456543,
    "feature_mean": 0.004650241695344448,
    "feature_std": 2.282602071762085,
    "feature_var": 5.210271835327148
  },
  "full_metrics": {
    "cosine_distance": 0.5349623560905457,
    "l2_distance": 45.873878479003906,
    "variance_score": 2.7787954807281494,
    "feature_mean": 0.003692679340019822,
    "feature_std": 2.276582956314087,
    "feature_var": 5.182830333709717
  }
}