{
  "task_name": "click_bell",
  "task_config": "demo_randomized",
  "strategy": "random",
  "primary_metric": "cosine_distance",
  "selected_episode_ids": [
    2,
    5,
    7,
    11,
    12,
    17,
    18,
    19,
    25,
    37,
    38,
    40,
    42,
    46,
    49,
    55,
    80,
    96,
    97,
    103,
    108,
    116,
    123,
    124,
    129,
    139,
    142,
    150,
    152,
    154,
    163,
    165,
    168,
    170,
    171,
    174,
    176,
    182,
    183,
    196,
    198,
    200,
    202,
    206,
    209,
    214,
    216,
    223,
    227,
    230,
    234,
    254,
    255,
    259,
    264,
    265,
    276,
    280,
    284,
    292,
    295,
    303,
    320,
    323,
    332,
    333,
    350,
    354,
    355,
    356,
    359,
    366,
    372,
    381,
    383,
    389,
    390,
    398,
    399,
    400,
    403,
    411,
    413,
    420,
    426,
    428,
    430,
    438,
    439,
    441,
    443,
    465,
    466,
    473,
    479,
    481,
    484,
    494,
    498,
    499
  ],
  "selected_metrics": {
    "cosine_distance": 0.544731080532074,
    "l2_distance": 46.21372604370117,
    "variance_score": 2.829535484313965,
    "feature_mean": 0.0008903469424694777,
    "feature_std": 2.276305675506592,
    "feature_var": 5.181567192077637
  },
  "full_metrics": {
    "cosine_distance": 0.5349623560905457,
    "l2_distance": 45.873878479003906,
    "variance_score": 2.7787954807281494,
    "feature_mean": 0.003692679340019822,
    "feature_std": 2.276582956314087,
    "feature_var": 5.182830333709717
  }
}