{
  "task_name": "click_bell",
  "task_config": "demo_randomized",
  "strategy": "random",
  "primary_metric": "cosine_distance",
  "selected_episode_ids": [
    0,
    15,
    16,
    18,
    28,
    32,
    33,
    34,
    35,
    40,
    42,
    54,
    55,
    57,
    58,
    59,
    62,
    63,
    66,
    72,
    88,
    90,
    91,
    99,
    103,
    107,
    132,
    133,
    141,
    143,
    149,
    161,
    165,
    170,
    174,
    180,
    185,
    187,
    189,
    193,
    199,
    214,
    219,
    230,
    232,
    237,
    238,
    239,
    241,
    242,
    246,
    263,
    274,
    275,
    280,
    292,
    294,
    296,
    300,
    315,
    316,
    320,
    328,
    333,
    338,
    342,
    345,
    350,
    356,
    373,
    375,
    377,
    383,
    388,
    396,
    398,
    400,
    404,
    407,
    409,
    411,
    421,
    425,
    428,
    431,
    434,
    435,
    446,
    449,
    453,
    455,
    462,
    463,
    471,
    477,
    478,
    486,
    488,
    492,
    498
  ],
  "selected_metrics": {
    "cosine_distance": 0.5415809750556946,
    "l2_distance": 46.07113265991211,
    "variance_score": 2.808666229248047,
    "feature_mean": 0.005521194543689489,
    "feature_std": 2.275179147720337,
    "feature_var": 5.176440238952637
  },
  "full_metrics": {
    "cosine_distance": 0.5349623560905457,
    "l2_distance": 45.873878479003906,
    "variance_score": 2.7787954807281494,
    "feature_mean": 0.003692679340019822,
    "feature_std": 2.276582956314087,
    "feature_var": 5.182830333709717
  }
}