{
  "task_name": "click_bell",
  "task_config": "demo_clean",
  "strategy": "random_subsets",
  "primary_metric": "cosine_distance",
  "selected_episode_ids": [
    23
  ],
  "selected_metrics": {
    "cosine_distance": 0.0,
    "l2_distance": 0.0,
    "variance_score": 0.0,
    "feature_mean": 0.017720043659210205,
    "feature_std": 2.2439632415771484,
    "feature_var": 5.03537130355835
  },
  "full_metrics": {
    "cosine_distance": 0.208049938082695,
    "l2_distance": 28.595293045043945,
    "variance_score": 1.1360028982162476,
    "feature_mean": 0.012259728275239468,
    "feature_std": 2.3352530002593994,
    "feature_var": 5.45340633392334
  }
}